filename,width,height,class,xmin,ymin,xmax,ymax
frame_56,800,600,1,410,308,425,315
frame_57,800,600,1,410,308,425,315
frame_58,800,600,1,410,307,425,315
frame_59,800,600,1,410,307,425,314
frame_60,800,600,1,410,307,425,314
frame_61,800,600,1,410,307,425,314
frame_75,800,600,1,410,306,426,314
frame_76,800,600,1,410,306,426,314
frame_77,800,600,1,410,306,426,314
frame_78,800,600,1,410,305,426,314
frame_79,800,600,1,411,305,426,314
frame_80,800,600,1,411,305,426,313
frame_85,800,600,1,411,304,427,312
frame_86,800,600,1,411,303,427,312
frame_87,800,600,1,411,303,427,312
frame_88,800,600,1,411,303,427,311
frame_89,800,600,1,411,302,427,311
frame_90,800,600,1,411,302,427,310
frame_91,800,600,1,411,301,427,310
frame_95,800,600,1,412,300,428,308
frame_96,800,600,1,412,299,428,308
frame_97,800,600,1,412,299,428,308
frame_98,800,600,1,412,299,428,308
frame_99,800,600,1,412,299,428,308
frame_100,800,600,1,412,299,428,308
frame_101,800,600,1,412,299,429,308
frame_102,800,600,1,412,299,429,308
frame_103,800,600,1,412,299,429,308
frame_104,800,600,1,412,299,429,308
frame_105,800,600,1,412,299,429,308
frame_106,800,600,1,412,299,429,308
frame_107,800,600,1,412,299,429,308
frame_108,800,600,1,412,299,429,309
frame_109,800,600,1,412,299,429,309
frame_110,800,600,1,412,300,429,309
frame_111,800,600,1,412,300,430,309
frame_112,800,600,1,412,300,430,309
frame_113,800,600,1,413,300,430,309
frame_114,800,600,1,413,300,430,309
frame_115,800,600,1,413,300,430,309
frame_116,800,600,1,413,300,430,309
frame_117,800,600,1,413,300,430,309
frame_118,800,600,1,413,300,430,309
frame_119,800,600,1,413,300,431,309
frame_120,800,600,1,413,300,431,309
frame_121,800,600,1,413,300,431,309
frame_122,800,600,1,413,300,431,309
frame_123,800,600,1,413,300,431,309
frame_124,800,600,1,413,300,431,309
frame_125,800,600,1,413,300,431,309
frame_126,800,600,1,414,299,432,309
frame_127,800,600,1,414,299,432,309
frame_128,800,600,1,414,299,432,309
frame_129,800,600,1,414,299,432,310
frame_130,800,600,1,414,299,432,310
frame_131,800,600,1,414,299,432,310
frame_132,800,600,1,414,299,432,310
frame_133,800,600,1,414,299,432,310
frame_134,800,600,1,414,299,433,310
frame_135,800,600,1,414,299,433,310
frame_136,800,600,1,414,299,433,310
frame_137,800,600,1,414,299,433,310
frame_138,800,600,1,415,299,433,310
frame_139,800,600,1,415,299,433,310
frame_140,800,600,1,415,299,433,310
frame_141,800,600,1,0,436,32,574
frame_141,800,600,1,415,299,434,310
frame_142,800,600,1,0,419,67,563
frame_142,800,600,1,761,420,800,555
frame_142,800,600,1,415,299,434,310
frame_143,800,600,1,0,406,96,541
frame_143,800,600,1,730,408,800,536
frame_143,800,600,1,415,299,434,310
frame_144,800,600,1,0,385,122,542
frame_144,800,600,1,704,396,800,522
frame_144,800,600,1,415,299,434,310
frame_145,800,600,1,0,360,143,542
frame_145,800,600,1,681,373,800,522
frame_145,800,600,1,415,299,434,310
frame_146,800,600,1,0,346,162,542
frame_146,800,600,1,662,351,800,522
frame_146,800,600,1,415,299,434,310
frame_147,800,600,1,0,337,178,542
frame_147,800,600,1,645,340,800,522
frame_147,800,600,1,415,299,434,310
frame_148,800,600,1,0,330,205,571
frame_148,800,600,1,616,330,800,552
frame_148,800,600,1,415,299,435,311
frame_149,800,600,1,0,330,205,571
frame_149,800,600,1,616,330,800,552
frame_149,800,600,1,415,299,435,311
frame_150,800,600,1,0,325,226,522
frame_150,800,600,1,594,326,800,519
frame_150,800,600,1,416,299,435,311
frame_150,800,600,1,380,300,391,310
frame_151,800,600,1,0,325,226,522
frame_151,800,600,1,594,326,800,519
frame_151,800,600,1,416,299,435,311
frame_151,800,600,1,380,300,391,310
frame_152,800,600,1,0,324,235,504
frame_152,800,600,1,585,324,800,501
frame_152,800,600,1,416,299,435,311
frame_152,800,600,1,380,300,391,310
frame_153,800,600,1,0,322,243,487
frame_153,800,600,1,577,322,800,485
frame_153,800,600,1,416,299,435,311
frame_153,800,600,1,380,300,391,310
frame_154,800,600,1,0,321,250,473
frame_154,800,600,1,569,321,800,472
frame_154,800,600,1,416,299,436,311
frame_154,800,600,1,380,300,391,310
frame_155,800,600,1,563,320,800,461
frame_155,800,600,1,0,320,257,461
frame_155,800,600,1,416,299,436,311
frame_155,800,600,1,380,300,391,310
frame_156,800,600,1,0,319,262,452
frame_156,800,600,1,557,319,800,452
frame_156,800,600,1,416,299,436,311
frame_156,800,600,1,380,300,391,310
frame_157,800,600,1,20,318,268,443
frame_157,800,600,1,552,318,800,443
frame_157,800,600,1,416,299,436,311
frame_157,800,600,1,380,300,391,310
frame_158,800,600,1,43,317,273,435
frame_158,800,600,1,547,317,784,435
frame_158,800,600,1,416,299,436,311
frame_159,800,600,1,63,316,278,428
frame_159,800,600,1,543,316,763,428
frame_159,800,600,1,416,299,436,311
frame_159,800,600,1,379,300,390,310
frame_160,800,600,1,81,316,282,422
frame_160,800,600,1,540,316,745,422
frame_160,800,600,1,417,299,437,311
frame_160,800,600,1,379,300,390,310
frame_161,800,600,1,111,315,290,412
frame_161,800,600,1,534,315,715,412
frame_161,800,600,1,417,299,437,311
frame_161,800,600,1,379,300,390,311
frame_162,800,600,1,111,315,290,412
frame_162,800,600,1,534,315,715,412
frame_162,800,600,1,417,299,437,311
frame_162,800,600,1,379,300,390,311
frame_163,800,600,1,124,314,293,407
frame_163,800,600,1,532,314,703,407
frame_163,800,600,1,417,299,437,311
frame_163,800,600,1,379,300,390,311
frame_164,800,600,1,136,314,296,403
frame_164,800,600,1,530,314,692,403
frame_164,800,600,1,417,299,437,311
frame_164,800,600,1,379,300,390,311
frame_165,800,600,1,147,313,300,399
frame_165,800,600,1,529,313,682,399
frame_165,800,600,1,417,299,437,312
frame_165,800,600,1,379,300,390,311
frame_166,800,600,1,528,313,673,396
frame_166,800,600,1,157,313,302,395
frame_166,800,600,1,417,299,438,312
frame_166,800,600,1,378,300,390,311
frame_167,800,600,1,528,312,666,392
frame_167,800,600,1,166,313,305,392
frame_167,800,600,1,417,299,438,312
frame_167,800,600,1,378,300,390,311
frame_168,800,600,1,183,312,310,386
frame_168,800,600,1,527,312,653,386
frame_168,800,600,1,417,299,438,312
frame_168,800,600,1,378,300,390,311
frame_169,800,600,1,527,311,647,384
frame_169,800,600,1,190,312,313,383
frame_169,800,600,1,418,299,438,312
frame_169,800,600,1,378,300,390,311
frame_170,800,600,1,527,311,647,384
frame_170,800,600,1,190,312,313,383
frame_170,800,600,1,418,299,438,312
frame_170,800,600,1,378,300,390,311
frame_171,800,600,1,197,311,315,381
frame_171,800,600,1,528,311,643,381
frame_171,800,600,1,418,299,439,312
frame_171,800,600,1,378,300,390,311
frame_172,800,600,1,528,311,639,379
frame_172,800,600,1,204,311,317,378
frame_172,800,600,1,418,299,439,312
frame_172,800,600,1,378,300,390,311
frame_173,800,600,1,210,311,319,376
frame_173,800,600,1,529,311,636,376
frame_173,800,600,1,418,299,439,312
frame_173,800,600,1,377,300,389,311
frame_174,800,600,1,529,310,633,374
frame_174,800,600,1,216,311,321,374
frame_174,800,600,1,418,299,439,312
frame_174,800,600,1,377,300,389,311
frame_175,800,600,1,221,310,323,372
frame_175,800,600,1,530,310,630,372
frame_175,800,600,1,418,299,439,312
frame_175,800,600,1,377,300,389,311
frame_176,800,600,1,226,310,325,370
frame_176,800,600,1,531,310,628,370
frame_176,800,600,1,418,299,439,312
frame_176,800,600,1,377,300,389,311
frame_177,800,600,1,231,310,326,368
frame_177,800,600,1,531,310,626,368
frame_177,800,600,1,418,299,440,312
frame_177,800,600,1,377,300,389,312
frame_178,800,600,1,533,310,623,365
frame_178,800,600,1,240,309,329,364
frame_178,800,600,1,419,299,440,313
frame_178,800,600,1,376,300,389,312
frame_179,800,600,1,533,310,623,365
frame_179,800,600,1,240,309,329,364
frame_179,800,600,1,419,299,440,313
frame_179,800,600,1,376,300,389,312
frame_180,800,600,1,244,309,331,363
frame_180,800,600,1,533,309,621,363
frame_180,800,600,1,419,299,440,313
frame_180,800,600,1,376,300,389,312
frame_181,800,600,1,533,309,620,362
frame_181,800,600,1,248,309,332,361
frame_181,800,600,1,419,298,441,313
frame_181,800,600,1,376,300,389,312
frame_182,800,600,1,252,309,334,360
frame_182,800,600,1,534,309,619,360
frame_182,800,600,1,419,298,441,313
frame_182,800,600,1,376,300,389,312
frame_183,800,600,1,534,309,617,359
frame_183,800,600,1,256,309,335,358
frame_183,800,600,1,419,298,441,313
frame_183,800,600,1,376,300,389,312
frame_184,800,600,1,534,309,616,358
frame_184,800,600,1,259,309,336,357
frame_184,800,600,1,419,298,441,313
frame_184,800,600,1,375,300,389,312
frame_185,800,600,1,534,309,615,357
frame_185,800,600,1,262,308,337,356
frame_185,800,600,1,420,298,441,313
frame_185,800,600,1,375,300,388,312
frame_186,800,600,1,268,308,340,354
frame_186,800,600,1,534,308,612,354
frame_186,800,600,1,420,298,442,313
frame_186,800,600,1,375,300,388,312
frame_187,800,600,1,271,308,341,353
frame_187,800,600,1,533,308,610,353
frame_187,800,600,1,420,298,442,314
frame_187,800,600,1,375,300,388,312
frame_188,800,600,1,271,308,341,353
frame_188,800,600,1,533,308,610,353
frame_188,800,600,1,420,298,442,314
frame_188,800,600,1,375,300,388,312
frame_189,800,600,1,533,308,609,352
frame_189,800,600,1,274,308,342,351
frame_189,800,600,1,420,298,442,314
frame_189,800,600,1,374,299,388,312
frame_190,800,600,1,532,308,607,351
frame_190,800,600,1,276,308,343,350
frame_190,800,600,1,420,298,443,314
frame_190,800,600,1,374,299,388,312
frame_191,800,600,1,279,308,344,350
frame_191,800,600,1,532,308,605,350
frame_191,800,600,1,420,298,443,314
frame_191,800,600,1,374,299,388,313
frame_192,800,600,1,281,308,345,349
frame_192,800,600,1,531,308,604,349
frame_192,800,600,1,421,298,443,314
frame_192,800,600,1,374,299,388,313
frame_193,800,600,1,283,307,345,348
frame_193,800,600,1,530,307,602,348
frame_193,800,600,1,421,298,443,314
frame_193,800,600,1,374,299,388,313
frame_194,800,600,1,285,307,346,347
frame_194,800,600,1,529,307,600,347
frame_194,800,600,1,421,298,443,314
frame_194,800,600,1,373,299,388,313
frame_195,800,600,1,287,307,347,346
frame_195,800,600,1,529,307,598,346
frame_195,800,600,1,421,298,444,314
frame_195,800,600,1,373,299,387,313
frame_196,800,600,1,291,307,349,345
frame_196,800,600,1,527,307,594,345
frame_196,800,600,1,422,298,444,315
frame_196,800,600,1,373,299,387,313
frame_197,800,600,1,291,307,349,345
frame_197,800,600,1,527,307,594,345
frame_197,800,600,1,422,298,444,315
frame_197,800,600,1,373,299,387,313
frame_198,800,600,1,293,307,349,344
frame_198,800,600,1,526,307,592,344
frame_198,800,600,1,422,298,445,315
frame_198,800,600,1,373,299,387,313
frame_199,800,600,1,295,307,350,343
frame_199,800,600,1,525,307,590,343
frame_199,800,600,1,422,298,445,315
frame_199,800,600,1,372,299,387,313
frame_200,800,600,1,524,307,587,343
frame_200,800,600,1,297,307,351,342
frame_200,800,600,1,422,298,445,315
frame_200,800,600,1,372,299,387,313
frame_201,800,600,1,298,307,351,342
frame_201,800,600,1,523,307,585,342
frame_201,800,600,1,422,298,445,315
frame_201,800,600,1,372,299,387,313
frame_202,800,600,1,300,307,352,341
frame_202,800,600,1,521,307,583,341
frame_202,800,600,1,422,298,446,315
frame_202,800,600,1,372,299,387,313
frame_203,800,600,1,301,307,353,341
frame_203,800,600,1,520,307,581,341
frame_203,800,600,1,423,298,446,315
frame_203,800,600,1,371,299,387,314
frame_204,800,600,1,302,306,354,340
frame_204,800,600,1,519,306,579,340
frame_204,800,600,1,423,298,446,315
frame_204,800,600,1,371,299,386,314
frame_205,800,600,1,518,306,577,340
frame_205,800,600,1,304,306,354,339
frame_205,800,600,1,423,298,446,316
frame_205,800,600,1,371,299,386,314
frame_206,800,600,1,307,306,355,338
frame_206,800,600,1,515,306,573,338
frame_206,800,600,1,424,298,447,316
frame_206,800,600,1,370,299,386,314
frame_207,800,600,1,307,306,355,338
frame_207,800,600,1,515,306,573,338
frame_207,800,600,1,424,298,447,316
frame_207,800,600,1,370,299,386,314
frame_208,800,600,1,308,306,355,338
frame_208,800,600,1,514,306,570,338
frame_208,800,600,1,424,298,447,316
frame_208,800,600,1,370,299,386,314
frame_209,800,600,1,309,306,355,337
frame_209,800,600,1,512,306,568,337
frame_209,800,600,1,424,298,448,316
frame_209,800,600,1,370,299,386,314
frame_210,800,600,1,310,306,355,337
frame_210,800,600,1,511,306,566,337
frame_210,800,600,1,424,298,448,316
frame_210,800,600,1,370,299,386,314
frame_211,800,600,1,311,306,355,336
frame_211,800,600,1,510,306,564,336
frame_211,800,600,1,424,298,448,317
frame_211,800,600,1,369,299,386,314
frame_212,800,600,1,311,306,354,336
frame_212,800,600,1,509,306,562,336
frame_212,800,600,1,425,297,448,317
frame_212,800,600,1,369,299,385,315
frame_213,800,600,1,312,306,354,335
frame_213,800,600,1,507,306,560,335
frame_213,800,600,1,425,297,449,317
frame_213,800,600,1,369,299,385,315
frame_214,800,600,1,312,306,352,334
frame_214,800,600,1,505,306,556,334
frame_214,800,600,1,425,297,449,317
frame_214,800,600,1,368,299,385,315
frame_215,800,600,1,313,306,352,334
frame_215,800,600,1,503,306,553,334
frame_215,800,600,1,426,297,450,317
frame_215,800,600,1,368,299,385,315
frame_216,800,600,1,313,306,352,334
frame_216,800,600,1,503,306,553,334
frame_216,800,600,1,426,297,450,317
frame_216,800,600,1,368,299,385,315
frame_217,800,600,1,312,306,351,334
frame_217,800,600,1,502,306,551,334
frame_217,800,600,1,426,297,450,318
frame_217,800,600,1,368,299,385,315
frame_218,800,600,1,312,306,350,333
frame_218,800,600,1,500,306,549,333
frame_218,800,600,1,426,297,450,318
frame_218,800,600,1,367,299,385,315
frame_219,800,600,1,311,306,349,333
frame_219,800,600,1,499,306,547,333
frame_219,800,600,1,427,297,451,318
frame_219,800,600,1,367,299,384,315
frame_220,800,600,1,311,306,347,332
frame_220,800,600,1,498,306,545,332
frame_220,800,600,1,427,297,451,318
frame_220,800,600,1,367,299,384,316
frame_221,800,600,1,310,305,346,332
frame_221,800,600,1,496,305,543,332
frame_221,800,600,1,427,297,451,318
frame_221,800,600,1,366,299,384,316
frame_222,800,600,1,495,305,541,332
frame_222,800,600,1,309,305,344,331
frame_222,800,600,1,427,297,452,319
frame_222,800,600,1,366,299,384,316
frame_223,800,600,1,307,305,342,331
frame_223,800,600,1,492,305,537,331
frame_223,800,600,1,428,297,452,319
frame_223,800,600,1,365,299,384,316
frame_224,800,600,1,307,305,342,331
frame_224,800,600,1,492,305,537,331
frame_224,800,600,1,428,297,452,319
frame_224,800,600,1,365,299,384,316
frame_225,800,600,1,306,305,341,331
frame_225,800,600,1,491,305,535,331
frame_225,800,600,1,428,297,453,319
frame_225,800,600,1,365,299,383,316
frame_226,800,600,1,305,305,339,330
frame_226,800,600,1,490,305,534,330
frame_226,800,600,1,429,297,453,319
frame_226,800,600,1,364,299,383,316
frame_227,800,600,1,304,305,338,330
frame_227,800,600,1,489,305,532,330
frame_227,800,600,1,429,297,454,320
frame_227,800,600,1,364,299,383,316
frame_228,800,600,1,303,305,336,330
frame_228,800,600,1,488,305,530,330
frame_228,800,600,1,429,297,455,320
frame_228,800,600,1,364,299,383,317
frame_229,800,600,1,302,305,335,329
frame_229,800,600,1,487,305,528,329
frame_229,800,600,1,430,297,455,320
frame_229,800,600,1,363,299,383,317
frame_230,800,600,1,301,305,334,329
frame_230,800,600,1,485,305,526,329
frame_230,800,600,1,430,296,456,320
frame_230,800,600,1,363,299,383,317
frame_231,800,600,1,299,305,332,328
frame_231,800,600,1,483,305,523,328
frame_231,800,600,1,431,296,458,321
frame_231,800,600,1,362,299,382,317
frame_232,800,600,1,298,305,331,328
frame_232,800,600,1,482,305,522,328
frame_232,800,600,1,431,296,459,321
frame_232,800,600,1,362,299,382,317
frame_233,800,600,1,298,305,331,328
frame_233,800,600,1,482,305,522,328
frame_233,800,600,1,431,296,459,321
frame_233,800,600,1,362,299,382,317
frame_234,800,600,1,298,305,330,328
frame_234,800,600,1,481,305,520,328
frame_234,800,600,1,432,296,459,321
frame_234,800,600,1,361,298,382,318
frame_235,800,600,1,297,305,330,328
frame_235,800,600,1,480,305,518,327
frame_235,800,600,1,432,296,460,322
frame_235,800,600,1,361,298,382,318
frame_236,800,600,1,297,305,330,327
frame_236,800,600,1,478,305,517,327
frame_236,800,600,1,433,296,461,322
frame_236,800,600,1,360,298,381,318
frame_237,800,600,1,297,305,330,327
frame_237,800,600,1,477,305,515,327
frame_237,800,600,1,433,296,462,322
frame_237,800,600,1,360,298,381,318
frame_238,800,600,1,297,305,330,327
frame_238,800,600,1,476,305,514,327
frame_238,800,600,1,433,296,463,323
frame_238,800,600,1,360,298,381,318
frame_239,800,600,1,296,305,329,326
frame_239,800,600,1,474,305,512,326
frame_239,800,600,1,434,296,464,323
frame_239,800,600,1,359,298,381,319
frame_240,800,600,1,297,305,329,326
frame_240,800,600,1,471,305,509,326
frame_240,800,600,1,435,296,466,324
frame_240,800,600,1,358,298,380,319
frame_241,800,600,1,297,305,329,326
frame_241,800,600,1,471,305,509,326
frame_241,800,600,1,435,296,466,324
frame_241,800,600,1,358,298,380,319
frame_242,800,600,1,297,305,330,326
frame_242,800,600,1,470,305,507,326
frame_242,800,600,1,435,295,467,324
frame_242,800,600,1,358,298,380,319
frame_243,800,600,1,297,305,330,326
frame_243,800,600,1,436,295,505,325
frame_243,800,600,1,357,298,380,319
frame_244,800,600,1,437,295,503,325
frame_244,800,600,1,298,305,331,325
frame_244,800,600,1,357,298,380,320
frame_245,800,600,1,437,295,501,325
frame_245,800,600,1,298,305,331,325
frame_245,800,600,1,356,298,379,320
frame_246,800,600,1,438,295,499,325
frame_246,800,600,1,299,305,332,325
frame_246,800,600,1,355,298,379,320
frame_247,800,600,1,438,295,497,326
frame_247,800,600,1,299,305,332,325
frame_247,800,600,1,355,298,379,320
frame_248,800,600,1,440,295,493,327
frame_248,800,600,1,301,304,333,324
frame_248,800,600,1,354,298,378,321
frame_249,800,600,1,440,294,491,327
frame_249,800,600,1,302,304,334,324
frame_249,800,600,1,353,298,378,321
frame_250,800,600,1,441,294,489,328
frame_250,800,600,1,303,304,335,324
frame_250,800,600,1,352,298,378,321
frame_251,800,600,1,441,294,489,328
frame_251,800,600,1,303,304,335,324
frame_251,800,600,1,352,298,378,321
frame_252,800,600,1,442,294,487,328
frame_252,800,600,1,304,304,336,324
frame_252,800,600,1,352,298,377,322
frame_253,800,600,1,442,294,484,329
frame_253,800,600,1,305,304,337,323
frame_253,800,600,1,351,298,377,322
frame_254,800,600,1,443,294,483,329
frame_254,800,600,1,306,304,338,323
frame_254,800,600,1,350,298,377,322
frame_255,800,600,1,444,294,485,330
frame_255,800,600,1,307,304,339,323
frame_255,800,600,1,350,298,377,322
frame_256,800,600,1,444,294,487,330
frame_256,800,600,1,349,298,376,323
frame_256,800,600,1,309,304,340,323
frame_257,800,600,1,443,293,489,331
frame_257,800,600,1,348,297,376,323
frame_257,800,600,1,310,304,342,323
frame_258,800,600,1,441,293,490,332
frame_258,800,600,1,347,297,376,323
frame_258,800,600,1,311,304,343,322
frame_259,800,600,1,439,293,492,332
frame_259,800,600,1,347,297,375,324
frame_259,800,600,1,313,304,344,322
frame_260,800,600,1,436,293,497,334
frame_260,800,600,1,315,297,374,324
frame_261,800,600,1,436,293,497,334
frame_261,800,600,1,315,297,374,324
frame_262,800,600,1,434,292,499,335
frame_262,800,600,1,317,297,374,325
frame_263,800,600,1,433,292,502,335
frame_263,800,600,1,318,297,374,325
frame_264,800,600,1,431,292,504,336
frame_264,800,600,1,320,297,373,325
frame_265,800,600,1,430,292,507,337
frame_265,800,600,1,321,297,373,326
frame_266,800,600,1,429,291,510,338
frame_266,800,600,1,323,297,372,326
frame_267,800,600,1,428,291,513,339
frame_267,800,600,1,325,297,372,326
frame_268,800,600,1,456,291,519,341
frame_268,800,600,1,328,296,371,327
frame_268,800,600,1,426,304,453,321
frame_269,800,600,1,456,290,523,342
frame_269,800,600,1,329,296,371,328
frame_269,800,600,1,425,304,451,321
frame_270,800,600,1,456,290,523,342
frame_270,800,600,1,329,296,371,328
frame_270,800,600,1,425,304,451,321
frame_271,800,600,1,457,290,531,345
frame_271,800,600,1,333,296,370,329
frame_271,800,600,1,423,304,449,320
frame_272,800,600,1,457,290,531,345
frame_272,800,600,1,333,296,370,329
frame_272,800,600,1,423,304,449,320
frame_273,800,600,1,458,289,535,346
frame_273,800,600,1,332,296,369,329
frame_273,800,600,1,423,304,448,320
frame_274,800,600,1,459,289,540,348
frame_274,800,600,1,331,296,369,330
frame_274,800,600,1,422,304,447,320
frame_275,800,600,1,459,288,545,349
frame_275,800,600,1,330,296,368,330
frame_275,800,600,1,422,304,446,320
frame_276,800,600,1,460,288,550,351
frame_276,800,600,1,328,296,367,331
frame_276,800,600,1,421,304,445,320
frame_277,800,600,1,461,287,556,353
frame_277,800,600,1,327,296,367,332
frame_277,800,600,1,421,304,444,320
frame_278,800,600,1,461,287,562,355
frame_278,800,600,1,325,296,367,332
frame_278,800,600,1,420,304,443,320
frame_279,800,600,1,462,286,568,357
frame_279,800,600,1,324,295,368,333
frame_279,800,600,1,420,304,443,319
frame_280,800,600,1,463,285,576,360
frame_280,800,600,1,322,295,369,334
frame_280,800,600,1,419,304,442,319
frame_281,800,600,1,486,285,584,362
frame_281,800,600,1,320,295,369,334
frame_281,800,600,1,419,304,441,319
frame_282,800,600,1,489,284,593,365
frame_282,800,600,1,319,295,370,335
frame_282,800,600,1,464,298,490,320
frame_282,800,600,1,419,304,441,319
frame_283,800,600,1,497,282,613,371
frame_283,800,600,1,315,295,372,337
frame_283,800,600,1,466,298,492,320
frame_283,800,600,1,418,304,440,319
frame_284,800,600,1,501,281,625,375
frame_284,800,600,1,313,295,372,337
frame_284,800,600,1,466,298,493,321
frame_284,800,600,1,418,304,439,319
frame_285,800,600,1,501,281,625,375
frame_285,800,600,1,313,295,372,337
frame_285,800,600,1,466,298,493,321
frame_285,800,600,1,418,304,439,319
frame_286,800,600,1,505,280,638,379
frame_286,800,600,1,310,294,373,338
frame_286,800,600,1,467,298,495,321
frame_286,800,600,1,418,304,439,318
frame_287,800,600,1,510,279,654,384
frame_287,800,600,1,308,294,373,339
frame_287,800,600,1,468,298,496,321
frame_287,800,600,1,418,304,439,318
frame_288,800,600,1,516,277,671,389
frame_288,800,600,1,306,294,374,340
frame_288,800,600,1,469,298,497,321
frame_288,800,600,1,418,304,439,318
frame_289,800,600,1,522,275,690,395
frame_289,800,600,1,303,294,374,341
frame_289,800,600,1,470,298,499,322
frame_289,800,600,1,418,304,438,318
frame_290,800,600,1,528,274,713,402
frame_290,800,600,1,300,294,375,342
frame_290,800,600,1,471,298,500,322
frame_290,800,600,1,418,304,438,318
frame_291,800,600,1,536,271,740,409
frame_291,800,600,1,297,293,375,344
frame_291,800,600,1,472,298,501,322
frame_291,800,600,1,418,304,438,318
frame_292,800,600,1,553,266,800,429
frame_292,800,600,1,291,293,353,346
frame_292,800,600,1,474,297,504,323
frame_292,800,600,1,355,304,376,318
frame_292,800,600,1,418,304,438,318
frame_293,800,600,1,564,262,800,442
frame_293,800,600,1,288,293,351,348
frame_293,800,600,1,475,297,506,323
frame_293,800,600,1,356,304,377,318
frame_293,800,600,1,418,304,437,318
frame_294,800,600,1,576,257,800,458
frame_294,800,600,1,284,292,350,349
frame_294,800,600,1,476,297,508,324
frame_294,800,600,1,418,304,437,318
frame_294,800,600,1,356,304,377,317
frame_295,800,600,1,576,257,800,458
frame_295,800,600,1,284,292,350,349
frame_295,800,600,1,476,297,508,324
frame_295,800,600,1,418,304,437,318
frame_295,800,600,1,356,304,377,317
frame_296,800,600,1,591,252,800,478
frame_296,800,600,1,280,292,348,351
frame_296,800,600,1,477,297,509,324
frame_296,800,600,1,357,304,377,317
frame_296,800,600,1,418,304,437,317
frame_297,800,600,1,608,247,800,504
frame_297,800,600,1,276,292,347,352
frame_297,800,600,1,478,297,511,324
frame_297,800,600,1,357,304,378,317
frame_297,800,600,1,418,304,437,317
frame_298,800,600,1,628,249,800,533
frame_298,800,600,1,271,291,345,354
frame_298,800,600,1,479,297,513,325
frame_298,800,600,1,358,304,378,317
frame_298,800,600,1,418,304,437,317
frame_299,800,600,1,652,261,800,461
frame_299,800,600,1,267,291,344,356
frame_299,800,600,1,480,297,514,325
frame_299,800,600,1,359,304,378,317
frame_299,800,600,1,418,304,437,317
frame_300,800,600,1,681,334,800,482
frame_300,800,600,1,261,290,342,358
frame_300,800,600,1,481,297,516,325
frame_300,800,600,1,359,304,379,317
frame_300,800,600,1,418,304,437,317
frame_301,800,600,1,717,343,800,510
frame_301,800,600,1,256,290,340,360
frame_301,800,600,1,483,297,518,326
frame_301,800,600,1,359,304,379,317
frame_301,800,600,1,418,304,436,317
frame_302,800,600,1,243,289,335,365
frame_302,800,600,1,485,297,522,326
frame_302,800,600,1,360,304,379,317
frame_302,800,600,1,417,304,436,317
frame_303,800,600,1,236,288,333,368
frame_303,800,600,1,487,297,524,327
frame_303,800,600,1,361,304,379,317
frame_303,800,600,1,417,304,436,317
frame_304,800,600,1,236,288,333,368
frame_304,800,600,1,487,297,524,327
frame_304,800,600,1,361,304,379,317
frame_304,800,600,1,417,304,436,317
frame_305,800,600,1,228,288,330,371
frame_305,800,600,1,488,297,526,327
frame_305,800,600,1,361,304,380,317
frame_305,800,600,1,417,304,436,317
frame_306,800,600,1,219,287,327,375
frame_306,800,600,1,490,296,529,328
frame_306,800,600,1,361,304,380,316
frame_306,800,600,1,417,304,436,316
frame_307,800,600,1,209,286,324,379
frame_307,800,600,1,491,296,531,328
frame_307,800,600,1,361,304,380,316
frame_307,800,600,1,417,304,435,316
frame_308,800,600,1,186,285,317,388
frame_308,800,600,1,494,296,536,329
frame_308,800,600,1,362,304,380,316
frame_308,800,600,1,417,304,435,316
frame_309,800,600,1,172,284,313,393
frame_309,800,600,1,496,296,539,330
frame_309,800,600,1,362,303,380,316
frame_309,800,600,1,417,303,435,316
frame_310,800,600,1,172,284,313,393
frame_310,800,600,1,496,296,539,330
frame_310,800,600,1,362,303,380,316
frame_310,800,600,1,417,303,435,316
frame_311,800,600,1,137,281,304,406
frame_311,800,600,1,499,296,544,331
frame_311,800,600,1,362,303,380,316
frame_311,800,600,1,416,303,434,316
frame_312,800,600,1,115,279,299,414
frame_312,800,600,1,501,296,547,331
frame_312,800,600,1,362,303,380,316
frame_312,800,600,1,416,303,434,316
frame_313,800,600,1,89,277,292,424
frame_313,800,600,1,503,296,550,332
frame_313,800,600,1,362,303,380,316
frame_313,800,600,1,416,303,434,316
frame_314,800,600,1,89,277,292,424
frame_314,800,600,1,503,296,550,332
frame_314,800,600,1,362,303,380,316
frame_314,800,600,1,416,303,434,316
frame_315,800,600,1,59,275,286,434
frame_315,800,600,1,505,295,553,333
frame_315,800,600,1,362,303,380,316
frame_315,800,600,1,416,303,434,316
frame_316,800,600,1,21,273,278,447
frame_316,800,600,1,507,295,557,333
frame_316,800,600,1,362,303,380,316
frame_316,800,600,1,416,303,433,316
frame_317,800,600,1,0,269,269,463
frame_317,800,600,1,509,295,560,334
frame_317,800,600,1,415,304,433,316
frame_317,800,600,1,362,303,379,315
frame_318,800,600,1,0,265,258,483
frame_318,800,600,1,512,295,564,335
frame_318,800,600,1,362,303,379,315
frame_318,800,600,1,415,303,433,315
frame_319,800,600,1,0,260,246,509
frame_319,800,600,1,514,295,568,335
frame_319,800,600,1,362,303,379,315
frame_319,800,600,1,415,303,432,315
frame_320,800,600,1,0,253,232,544
frame_320,800,600,1,516,295,572,336
frame_320,800,600,1,362,303,379,315
frame_320,800,600,1,415,303,432,315
frame_321,800,600,1,0,257,193,600
frame_321,800,600,1,522,294,580,338
frame_321,800,600,1,362,303,378,315
frame_321,800,600,1,415,303,432,315
frame_322,800,600,1,0,257,193,600
frame_322,800,600,1,522,294,580,338
frame_322,800,600,1,362,303,378,315
frame_322,800,600,1,415,303,432,315
frame_323,800,600,1,0,358,133,553
frame_323,800,600,1,527,294,590,340
frame_323,800,600,1,362,303,378,315
frame_323,800,600,1,415,303,431,315
frame_324,800,600,1,0,377,89,600
frame_324,800,600,1,530,294,595,341
frame_324,800,600,1,362,303,378,315
frame_324,800,600,1,415,303,431,315
frame_325,800,600,1,0,377,89,600
frame_325,800,600,1,530,294,595,341
frame_325,800,600,1,362,303,378,315
frame_325,800,600,1,415,303,431,315
frame_326,800,600,1,0,458,27,596
frame_326,800,600,1,534,294,601,342
frame_326,800,600,1,362,303,378,315
frame_326,800,600,1,415,303,431,315
frame_327,800,600,1,537,293,607,343
frame_327,800,600,1,362,303,378,315
frame_327,800,600,1,415,303,431,315
frame_328,800,600,1,541,293,613,344
frame_328,800,600,1,362,303,378,315
frame_328,800,600,1,415,303,431,315
frame_329,800,600,1,544,293,620,346
frame_329,800,600,1,363,303,379,315
frame_329,800,600,1,415,303,431,315
frame_330,800,600,1,552,292,634,348
frame_330,800,600,1,415,303,430,315
frame_330,800,600,1,363,303,379,314
frame_331,800,600,1,557,292,642,350
frame_331,800,600,1,363,303,379,314
frame_331,800,600,1,415,303,430,314
frame_332,800,600,1,561,292,650,352
frame_332,800,600,1,363,303,379,314
frame_332,800,600,1,415,303,430,314
frame_333,800,600,1,566,291,660,353
frame_333,800,600,1,363,303,379,314
frame_333,800,600,1,415,303,430,314
frame_334,800,600,1,571,291,669,355
frame_334,800,600,1,364,303,380,314
frame_334,800,600,1,415,303,430,314
frame_335,800,600,1,571,291,669,355
frame_335,800,600,1,364,303,380,314
frame_335,800,600,1,415,303,430,314
frame_336,800,600,1,577,291,680,357
frame_336,800,600,1,364,303,380,314
frame_336,800,600,1,415,303,430,314
frame_337,800,600,1,583,290,691,360
frame_337,800,600,1,364,303,380,314
frame_337,800,600,1,415,303,430,314
frame_338,800,600,1,589,290,704,362
frame_338,800,600,1,364,303,380,314
frame_338,800,600,1,415,303,430,314
frame_339,800,600,1,596,289,717,365
frame_339,800,600,1,365,303,381,314
frame_339,800,600,1,415,303,430,314
frame_340,800,600,1,603,289,732,367
frame_340,800,600,1,365,303,381,314
frame_340,800,600,1,415,303,430,314
frame_341,800,600,1,611,288,749,370
frame_341,800,600,1,365,303,381,314
frame_341,800,600,1,415,303,430,314
frame_342,800,600,1,628,287,786,377
frame_342,800,600,1,366,303,382,314
frame_342,800,600,1,415,303,430,314
frame_343,800,600,1,638,286,800,381
frame_343,800,600,1,367,303,382,314
frame_343,800,600,1,415,303,430,314
frame_344,800,600,1,649,285,800,386
frame_344,800,600,1,367,303,383,314
frame_344,800,600,1,416,303,430,314
frame_345,800,600,1,649,285,800,386
frame_345,800,600,1,367,303,383,314
frame_345,800,600,1,416,303,430,314
frame_346,800,600,1,661,284,800,391
frame_346,800,600,1,367,303,383,314
frame_346,800,600,1,416,303,430,314
frame_347,800,600,1,674,283,800,397
frame_347,800,600,1,368,303,383,313
frame_347,800,600,1,416,303,430,313
frame_348,800,600,1,688,282,800,403
frame_348,800,600,1,368,303,383,313
frame_348,800,600,1,416,303,430,313
frame_349,800,600,1,704,285,800,407
frame_349,800,600,1,369,303,384,313
frame_349,800,600,1,416,303,430,313
frame_350,800,600,1,721,292,800,392
frame_350,800,600,1,369,303,384,313
frame_350,800,600,1,416,303,430,313
frame_351,800,600,1,740,324,800,398
frame_351,800,600,1,369,303,384,313
frame_351,800,600,1,416,303,430,313
frame_352,800,600,1,788,357,800,402
frame_352,800,600,1,370,303,385,313
frame_352,800,600,1,416,303,430,313
frame_353,800,600,1,788,357,800,402
frame_353,800,600,1,370,303,385,313
frame_353,800,600,1,416,303,430,313
frame_354,800,600,1,370,303,385,313
frame_354,800,600,1,417,303,430,313
frame_355,800,600,1,371,303,385,313
frame_355,800,600,1,417,303,430,313
frame_356,800,600,1,371,303,386,313
frame_356,800,600,1,417,303,430,313
frame_357,800,600,1,371,303,386,313
frame_357,800,600,1,417,303,430,313
frame_358,800,600,1,372,303,386,313
frame_358,800,600,1,417,303,430,313
frame_359,800,600,1,372,303,386,313
frame_359,800,600,1,417,303,430,313
frame_360,800,600,1,372,303,387,313
frame_360,800,600,1,417,303,431,313
frame_361,800,600,1,373,303,387,313
frame_361,800,600,1,418,303,431,313
frame_362,800,600,1,373,303,387,313
frame_362,800,600,1,418,303,431,313
frame_363,800,600,1,374,303,388,313
frame_363,800,600,1,418,303,431,313
frame_364,800,600,1,374,303,388,313
frame_364,800,600,1,418,303,432,313
frame_365,800,600,1,374,303,388,313
frame_365,800,600,1,418,303,432,313
frame_366,800,600,1,374,303,389,312
frame_366,800,600,1,419,303,432,312
frame_367,800,600,1,375,303,389,312
frame_367,800,600,1,419,303,432,312
frame_368,800,600,1,375,303,389,312
frame_368,800,600,1,419,303,433,312
frame_369,800,600,1,376,303,390,312
frame_369,800,600,1,420,303,433,312
frame_370,800,600,1,376,303,390,312
frame_370,800,600,1,420,303,434,312
frame_371,800,600,1,377,303,391,312
frame_371,800,600,1,421,303,435,312
frame_372,800,600,1,377,303,391,312
frame_372,800,600,1,421,303,435,312
frame_373,800,600,1,377,303,392,312
frame_373,800,600,1,422,303,436,312
frame_374,800,600,1,378,303,393,312
frame_374,800,600,1,423,303,437,312
frame_375,800,600,1,378,303,393,312
frame_375,800,600,1,423,303,437,312
frame_376,800,600,1,379,303,394,312
frame_376,800,600,1,424,303,438,312
frame_377,800,600,1,380,303,394,312
frame_377,800,600,1,425,303,439,312
frame_378,800,600,1,380,303,395,312
frame_378,800,600,1,425,303,440,312
frame_379,800,600,1,381,303,396,312
frame_379,800,600,1,426,303,441,312
frame_380,800,600,1,382,303,397,312
frame_380,800,600,1,427,303,441,312
frame_381,800,600,1,383,303,398,312
frame_381,800,600,1,428,303,442,312
frame_382,800,600,1,384,303,399,312
frame_382,800,600,1,430,303,444,312
frame_383,800,600,1,385,303,400,312
frame_383,800,600,1,431,303,445,312
frame_384,800,600,1,386,303,401,312
frame_384,800,600,1,432,303,446,312
frame_385,800,600,1,387,303,403,312
frame_385,800,600,1,433,303,447,312
frame_386,800,600,1,388,303,404,312
frame_386,800,600,1,434,303,448,312
frame_387,800,600,1,389,303,405,312
frame_387,800,600,1,435,303,449,312
frame_388,800,600,1,436,303,450,312
frame_388,800,600,1,390,303,406,311
frame_389,800,600,1,392,303,407,311
frame_389,800,600,1,437,303,451,311
frame_390,800,600,1,392,303,407,311
frame_390,800,600,1,437,303,451,311
frame_391,800,600,1,393,303,409,311
frame_391,800,600,1,438,303,452,311
frame_392,800,600,1,395,303,411,311
frame_392,800,600,1,440,303,454,311
frame_393,800,600,1,397,303,413,311
frame_393,800,600,1,441,303,455,311
frame_394,800,600,1,397,303,413,311
frame_394,800,600,1,441,303,455,311
frame_395,800,600,1,398,303,414,311
frame_395,800,600,1,443,303,457,311
frame_396,800,600,1,399,303,415,311
frame_396,800,600,1,444,303,458,311
frame_397,800,600,1,402,303,418,311
frame_397,800,600,1,446,303,460,311
frame_398,800,600,1,402,303,418,311
frame_398,800,600,1,446,303,460,311
frame_399,800,600,1,404,303,419,311
frame_399,800,600,1,447,303,461,311
frame_400,800,600,1,407,303,422,311
frame_400,800,600,1,450,303,464,311
frame_401,800,600,1,408,303,424,311
frame_401,800,600,1,451,303,465,311
frame_402,800,600,1,410,303,425,311
frame_402,800,600,1,452,303,466,311
frame_403,800,600,1,411,303,427,311
frame_403,800,600,1,453,303,467,311
frame_404,800,600,1,411,303,427,311
frame_404,800,600,1,453,303,467,311
frame_405,800,600,1,414,303,430,311
frame_405,800,600,1,456,303,470,311
frame_406,800,600,1,414,303,430,311
frame_406,800,600,1,456,303,470,311
frame_407,800,600,1,416,303,432,311
frame_407,800,600,1,457,303,471,311
frame_408,800,600,1,418,303,433,311
frame_408,800,600,1,458,303,473,311
frame_409,800,600,1,421,303,437,311
frame_409,800,600,1,461,303,475,311
frame_410,800,600,1,421,303,437,311
frame_410,800,600,1,461,303,475,311
frame_411,800,600,1,424,303,440,311
frame_411,800,600,1,464,303,479,311
frame_412,800,600,1,426,303,442,311
frame_412,800,600,1,466,303,480,311
frame_413,800,600,1,428,303,444,311
frame_413,800,600,1,467,303,482,311
frame_414,800,600,1,430,303,446,311
frame_414,800,600,1,469,303,484,311
frame_415,800,600,1,430,303,446,311
frame_415,800,600,1,469,303,484,311
frame_416,800,600,1,431,303,448,311
frame_416,800,600,1,470,303,485,311
frame_417,800,600,1,433,303,450,311
frame_417,800,600,1,472,303,487,311
frame_418,800,600,1,475,303,491,311
frame_418,800,600,1,437,303,454,310
frame_419,800,600,1,475,303,491,311
frame_419,800,600,1,437,303,454,310
frame_420,800,600,1,439,303,456,311
frame_420,800,600,1,477,303,493,311
frame_421,800,600,1,443,303,460,310
frame_421,800,600,1,481,303,497,310
frame_422,800,600,1,443,303,460,310
frame_422,800,600,1,481,303,497,310
frame_423,800,600,1,448,303,464,310
frame_423,800,600,1,485,303,501,310
frame_424,800,600,1,450,303,466,310
frame_424,800,600,1,487,303,503,310
frame_425,800,600,1,452,303,468,310
frame_425,800,600,1,489,303,505,310
frame_426,800,600,1,452,303,468,310
frame_426,800,600,1,489,303,505,310
frame_427,800,600,1,454,303,471,310
frame_427,800,600,1,491,303,507,310
frame_428,800,600,1,456,303,473,310
frame_428,800,600,1,493,303,509,310
frame_429,800,600,1,461,303,477,310
frame_430,800,600,1,463,303,479,310
frame_431,800,600,1,463,303,479,310
frame_432,800,600,1,465,303,481,310
frame_433,800,600,1,470,303,486,310
frame_434,800,600,1,472,303,488,310
frame_435,800,600,1,474,303,490,310
frame_436,800,600,1,476,303,492,310
frame_437,800,600,1,479,303,494,310
frame_438,800,600,1,479,303,494,310
frame_439,800,600,1,481,303,497,310
frame_440,800,600,1,483,303,499,310
frame_441,800,600,1,485,303,501,310
frame_442,800,600,1,490,303,505,310
frame_443,800,600,1,492,303,508,310
frame_444,800,600,1,494,303,510,310
frame_445,800,600,1,494,303,510,310
frame_446,800,600,1,499,303,515,310
frame_447,800,600,1,501,303,517,310
frame_448,800,600,1,501,303,517,310
frame_449,800,600,1,504,303,519,310
frame_450,800,600,1,506,303,522,310
frame_451,800,600,1,508,303,524,310
frame_452,800,600,1,513,303,529,310
frame_453,800,600,1,516,303,532,310
frame_454,800,600,1,518,303,534,310
frame_455,800,600,1,521,303,537,310
frame_456,800,600,1,523,303,539,310
frame_457,800,600,1,523,303,539,310
frame_458,800,600,1,528,303,545,310
frame_459,800,600,1,528,303,545,310
frame_460,800,600,1,531,303,547,310
frame_461,800,600,1,537,303,553,310
frame_462,800,600,1,539,303,555,310
frame_463,800,600,1,542,303,558,310
frame_464,800,600,1,545,303,561,310
frame_465,800,600,1,545,303,561,310
frame_466,800,600,1,548,303,564,310
frame_467,800,600,1,554,303,569,310
frame_468,800,600,1,554,303,569,310
frame_469,800,600,1,557,303,572,310
frame_470,800,600,1,562,303,577,310
